date,open,high,low,close,volume
2020-08-06 05:30:00+05:30,1574.0,1580.0,1541.0,1544.65,95455.0
2020-08-07 05:30:00+05:30,1540.0,1570.0,1505.2,1557.3,140875.0
2020-08-10 05:30:00+05:30,1580.0,1625.2,1566.0,1609.45,100990.0
2020-08-11 05:30:00+05:30,1640.0,1696.0,1600.6,1603.55,138410.0
2020-08-12 05:30:00+05:30,1610.0,1628.0,1570.2,1617.25,76030.0
2020-08-13 05:30:00+05:30,1626.8,1630.0,1590.95,1620.5,79190.0
2020-08-14 05:30:00+05:30,1629.8,1636.45,1575.35,1587.9,72205.0
2020-08-17 05:30:00+05:30,1600.6,1607.75,1548.8,1563.1,76470.0
2020-08-18 05:30:00+05:30,1579.8,1593.0,1550.2,1576.5,50395.0
2020-08-19 05:30:00+05:30,1585.55,1637.8,1576.5,1597.0,79740.0
2020-08-20 05:30:00+05:30,1599.6,1622.15,1580.2,1608.2,54855.0
2020-08-21 05:30:00+05:30,1620.0,1633.95,1606.0,1615.75,59010.0
2020-08-24 05:30:00+05:30,1630.0,1656.05,1590.0,1624.8,108415.0
2020-08-25 05:30:00+05:30,1630.3,1652.4,1629.6,1643.6,82650.0
2020-08-26 05:30:00+05:30,1648.0,1676.0,1645.8,1668.6,80195.0
2020-08-27 05:30:00+05:30,1676.6,1730.0,1664.0,1722.85,150280.0
2020-08-28 05:30:00+05:30,1740.0,1764.1,1658.0,1662.6,115250.0
2020-08-31 05:30:00+05:30,1675.6,1675.6,1582.9,1619.0,90840.0
2020-09-01 05:30:00+05:30,1596.8,1678.4,1583.8,1659.05,96195.0
2020-09-02 05:30:00+05:30,1659.95,1670.0,1616.0,1663.45,116115.0
2020-09-03 05:30:00+05:30,1670.0,1699.6,1662.0,1683.85,71490.0
2020-09-04 05:30:00+05:30,1633.1,1729.8,1633.1,1717.3,80285.0
2020-09-07 05:30:00+05:30,1718.0,1800.0,1718.0,1784.0,134485.0
2020-09-08 05:30:00+05:30,1799.8,1952.85,1766.0,1920.95,244225.0
2020-09-09 05:30:00+05:30,1917.0,1917.9,1843.8,1858.35,142010.0
2020-09-10 05:30:00+05:30,1868.0,1897.0,1868.0,1885.85,108930.0
2020-09-11 05:30:00+05:30,1885.0,1896.0,1838.0,1848.0,87055.0
2020-09-14 05:30:00+05:30,1865.0,2056.5,1865.0,1964.6,234585.0
2020-09-15 05:30:00+05:30,1990.0,2033.8,1968.7,2001.05,103135.0
2020-09-16 05:30:00+05:30,2000.0,2040.0,1971.05,1997.25,82005.0
2020-09-17 05:30:00+05:30,1987.4,1999.0,1941.6,1948.55,77610.0
2020-09-18 05:30:00+05:30,1960.0,1988.65,1861.3,1880.1,93055.0
2020-09-21 05:30:00+05:30,1900.0,1936.45,1705.0,1780.2,122460.0
2020-09-22 05:30:00+05:30,1764.0,1855.6,1627.0,1710.5,154570.0
2020-09-23 05:30:00+05:30,1739.85,1803.95,1739.85,1757.1,93445.0
2020-09-24 05:30:00+05:30,1720.0,1720.0,1669.0,1686.0,123600.0
2020-09-25 05:30:00+05:30,1725.0,1780.0,1719.0,1758.7,48480.0
2020-09-28 05:30:00+05:30,1800.0,1820.0,1776.0,1801.75,53490.0
2020-09-29 05:30:00+05:30,1820.0,1831.05,1792.0,1816.35,54535.0
2020-09-30 05:30:00+05:30,1837.0,1837.0,1723.2,1752.4,62070.0
2020-10-01 05:30:00+05:30,1805.2,1824.4,1753.0,1770.05,29325.0
2020-10-05 05:30:00+05:30,1764.25,1805.2,1746.0,1768.1,25735.0
2020-10-06 05:30:00+05:30,1775.0,1782.0,1740.0,1743.95,23700.0
2020-10-07 05:30:00+05:30,1810.0,1810.0,1728.6,1743.2,106190.0
2020-10-08 05:30:00+05:30,1757.6,1757.6,1676.05,1688.85,80255.0
2020-10-09 05:30:00+05:30,1710.0,1738.0,1681.0,1698.05,48805.0
2020-10-12 05:30:00+05:30,1702.0,1724.0,1684.4,1690.75,91670.0
2020-10-13 05:30:00+05:30,1730.45,1819.8,1714.0,1804.05,131140.0
2020-10-14 05:30:00+05:30,1824.05,1916.6,1821.1,1863.55,138375.0
2020-10-15 05:30:00+05:30,1880.0,1889.25,1769.0,1784.95,71300.0
2020-10-16 05:30:00+05:30,1798.0,1860.0,1773.6,1852.35,71990.0
2020-10-19 05:30:00+05:30,1875.5,1920.9,1856.1,1910.75,110385.0
2020-10-20 05:30:00+05:30,1911.0,1922.0,1868.0,1912.05,65305.0
2020-10-21 05:30:00+05:30,1923.4,1930.0,1854.8,1872.85,67510.0
2020-10-22 05:30:00+05:30,1872.0,1906.95,1852.4,1899.0,40765.0
2020-10-23 05:30:00+05:30,1900.0,1990.0,1881.65,1961.85,94670.0
2020-10-26 05:30:00+05:30,1969.4,2000.0,1885.0,1904.5,82385.0
2020-10-27 05:30:00+05:30,1890.45,1930.0,1870.2,1897.9,48965.0
2020-10-28 05:30:00+05:30,1909.8,1920.8,1814.85,1836.1,46265.0
2020-10-29 05:30:00+05:30,1802.45,1848.8,1800.0,1809.7,57070.0
2020-10-30 05:30:00+05:30,1830.0,1886.2,1805.0,1859.85,86265.0
2020-11-02 05:30:00+05:30,1880.0,1928.8,1880.0,1901.55,95900.0
2020-11-03 05:30:00+05:30,1909.6,1920.0,1882.7,1901.95,48060.0
2020-11-04 05:30:00+05:30,1901.95,1919.0,1900.0,1911.3,26265.0
2020-11-05 05:30:00+05:30,1934.0,2020.0,1924.15,2004.15,89555.0
2020-11-06 05:30:00+05:30,2037.6,2119.8,1980.0,2003.0,160435.0
2020-11-09 05:30:00+05:30,2028.8,2048.8,1938.0,1950.55,126630.0
2020-11-10 05:30:00+05:30,1967.0,1999.6,1920.0,1986.4,92445.0
2020-11-11 05:30:00+05:30,1988.0,1999.0,1946.4,1987.25,55340.0
2020-11-12 05:30:00+05:30,2000.0,2050.0,1987.25,2021.45,49855.0
2020-11-13 05:30:00+05:30,2036.0,2160.0,2029.55,2060.4,65340.0
2020-11-17 05:30:00+05:30,2040.0,2057.0,1990.0,2019.45,72935.0
2020-11-18 05:30:00+05:30,2010.0,2058.0,2010.0,2042.25,36295.0
2020-11-19 05:30:00+05:30,2035.0,2058.8,2015.0,2019.7,59515.0
2020-11-20 05:30:00+05:30,2031.95,2109.8,2016.0,2070.8,89710.0
2020-11-23 05:30:00+05:30,2099.8,2165.8,2089.3,2141.85,97950.0
2020-11-24 05:30:00+05:30,2160.2,2199.2,2120.2,2173.95,83530.0
2020-11-25 05:30:00+05:30,2194.0,2194.0,2160.6,2182.0,41570.0
2020-11-26 05:30:00+05:30,2190.0,2298.0,2150.4,2275.55,89635.0
2020-11-27 05:30:00+05:30,2289.6,2397.6,2280.0,2375.95,178370.0
2020-12-01 05:30:00+05:30,2398.0,2398.0,2280.0,2306.9,81850.0
2020-12-02 05:30:00+05:30,2304.2,2336.35,2255.0,2279.9,45855.0
2020-12-03 05:30:00+05:30,2275.0,2320.55,2275.0,2285.9,64335.0
2020-12-04 05:30:00+05:30,2299.7,2309.0,2260.0,2276.45,81330.0
2020-12-07 05:30:00+05:30,2298.4,2312.6,2276.45,2304.6,37455.0
2020-12-08 05:30:00+05:30,2363.0,2392.0,2354.0,2362.85,112565.0
2020-12-09 05:30:00+05:30,2368.6,2386.0,2359.6,2370.5,79235.0
2020-12-10 05:30:00+05:30,2370.4,2479.4,2330.0,2419.0,72975.0
2020-12-11 05:30:00+05:30,2440.0,2556.0,2424.2,2526.1,80435.0
2020-12-14 05:30:00+05:30,2557.8,2678.0,2556.0,2580.1,91350.0
2020-12-15 05:30:00+05:30,2622.9,2631.55,2556.9,2607.6,44990.0
2020-12-16 05:30:00+05:30,2636.6,2739.0,2590.2,2667.0,126685.0
2020-12-17 05:30:00+05:30,2691.0,2753.0,2681.4,2743.25,68485.0
2020-12-18 05:30:00+05:30,2769.0,2780.0,2660.0,2670.55,61530.0
2020-12-21 05:30:00+05:30,2705.6,2705.6,2541.75,2592.55,148465.0
2020-12-22 05:30:00+05:30,2580.45,2649.4,2465.05,2502.35,119610.0
2020-12-23 05:30:00+05:30,2557.0,2648.55,2508.3,2529.55,81915.0
2020-12-24 05:30:00+05:30,2550.25,2593.75,2540.0,2543.6,60720.0
2020-12-28 05:30:00+05:30,2573.15,2724.75,2568.15,2698.4,116590.0
2020-12-29 05:30:00+05:30,2748.8,2778.8,2672.0,2680.45,66275.0
2020-12-30 05:30:00+05:30,2700.0,2713.45,2660.35,2673.7,48595.0
2020-12-31 05:30:00+05:30,2688.8,2751.9,2660.4,2724.4,64465.0
2021-01-04 05:30:00+05:30,2742.0,2797.6,2721.7,2754.6,65505.0
2021-01-05 05:30:00+05:30,2754.0,2823.2,2680.65,2806.2,68625.0
2021-01-06 05:30:00+05:30,2820.2,2974.0,2810.0,2889.05,102400.0
2021-01-07 05:30:00+05:30,3000.0,3181.4,2967.95,3130.55,113200.0
2021-01-08 05:30:00+05:30,3228.8,3357.15,2992.75,3073.8,156990.0
2021-01-11 05:30:00+05:30,3125.0,3159.8,2937.2,2963.85,123765.0
2021-01-12 05:30:00+05:30,2973.0,3030.0,2907.05,3006.15,82750.0
2021-01-13 05:30:00+05:30,3040.0,3055.85,2883.85,2908.05,142610.0
2021-01-14 05:30:00+05:30,2940.0,3035.05,2815.0,2974.7,105455.0
2021-01-15 05:30:00+05:30,3088.9,3119.8,2945.0,2979.5,111250.0
2021-01-18 05:30:00+05:30,2999.8,3087.5,2961.2,3063.15,95455.0
2021-01-19 05:30:00+05:30,3099.8,3119.8,3036.4,3054.15,136400.0
2021-01-20 05:30:00+05:30,3069.6,3080.15,2972.2,3021.25,58285.0
2021-01-21 05:30:00+05:30,3034.0,3058.0,2928.8,2935.85,76305.0
2021-01-22 05:30:00+05:30,2940.05,2949.0,2692.5,2818.5,82390.0
2021-01-25 05:30:00+05:30,2850.0,2896.8,2740.0,2749.2,90365.0
2021-01-27 05:30:00+05:30,2784.0,2855.0,2736.4,2795.15,64175.0
2021-01-28 05:30:00+05:30,2776.0,2840.0,2768.35,2807.9,52445.0
2021-01-29 05:30:00+05:30,2842.0,2852.0,2806.4,2825.5,47920.0
2021-02-01 05:30:00+05:30,2859.8,3093.75,2841.8,3036.05,106655.0
2021-02-02 05:30:00+05:30,3099.8,3174.0,3063.05,3139.3,116620.0
2021-02-03 05:30:00+05:30,3220.0,3299.0,3093.9,3175.85,140005.0
2021-02-04 05:30:00+05:30,3177.6,3254.0,3120.0,3216.45,85855.0
2021-02-05 05:30:00+05:30,3245.0,3350.0,3186.2,3262.05,122440.0
2021-02-08 05:30:00+05:30,3308.8,3495.0,3303.9,3457.4,97460.0
2021-02-09 05:30:00+05:30,3520.0,3646.0,3500.2,3547.55,126220.0
2021-02-10 05:30:00+05:30,3615.4,3815.55,3602.95,3745.7,125925.0
2021-02-11 05:30:00+05:30,3900.0,3980.0,3770.1,3887.9,117640.0
2021-02-12 05:30:00+05:30,3940.0,3940.0,3671.0,3734.6,108550.0
2021-02-15 05:30:00+05:30,3680.0,3833.4,3602.0,3716.5,97770.0
2021-02-16 05:30:00+05:30,3740.0,3799.8,3690.6,3724.1,49255.0
2021-02-17 05:30:00+05:30,3739.5,3865.0,3701.0,3838.2,64510.0
2021-02-18 05:30:00+05:30,3920.0,4038.0,3880.75,3991.9,100220.0
2021-02-19 05:30:00+05:30,3958.0,4025.0,3842.0,3895.85,75445.0
2021-02-22 05:30:00+05:30,3905.0,3919.95,3725.1,3743.05,74160.0
2021-02-23 05:30:00+05:30,3743.05,3895.0,3696.45,3848.85,70075.0
2021-02-24 05:30:00+05:30,3907.95,3971.35,3892.15,3971.35,23010.0
2021-02-25 05:30:00+05:30,4013.0,4089.6,3995.1,4046.3,95515.0
2021-02-26 05:30:00+05:30,3950.0,4020.0,3922.2,3969.8,72270.0
2021-03-01 05:30:00+05:30,4019.4,4039.8,3870.0,3896.7,58210.0
2021-03-02 05:30:00+05:30,3928.0,3956.9,3762.0,3772.9,55570.0
2021-03-03 05:30:00+05:30,3837.6,3890.0,3753.0,3855.4,95550.0
2021-03-04 05:30:00+05:30,3840.0,3940.0,3782.0,3912.1,57595.0
2021-03-05 05:30:00+05:30,3872.0,3939.8,3788.0,3826.2,51980.0
2021-03-08 05:30:00+05:30,3859.6,3879.1,3782.0,3801.2,26630.0
2021-03-09 05:30:00+05:30,3920.0,4054.2,3840.0,3902.25,101985.0
2021-03-10 05:30:00+05:30,3957.15,4040.0,3916.2,4020.75,52105.0
2021-03-12 05:30:00+05:30,4090.0,4169.15,4042.0,4129.35,100250.0
2021-03-15 05:30:00+05:30,4196.0,4297.85,4101.0,4177.45,88920.0
2021-03-16 05:30:00+05:30,4229.8,4234.0,4120.0,4144.95,56400.0
2021-03-17 05:30:00+05:30,4144.2,4169.6,4000.0,4015.0,73970.0
2021-03-18 05:30:00+05:30,4104.9,4455.9,4104.9,4240.3,78474.0
2021-03-19 05:30:00+05:30,4233.8,4413.5,4227.65,4267.25,47918.0
2021-03-22 05:30:00+05:30,4285.0,4285.4,4039.0,4053.65,47266.0
2021-03-23 05:30:00+05:30,4053.65,4118.0,3850.0,3868.85,54895.0
2021-03-24 05:30:00+05:30,3829.95,3866.8,3613.0,3676.4,77873.0
2021-03-25 05:30:00+05:30,3676.0,3676.0,3345.75,3593.3,84524.0
2021-03-26 05:30:00+05:30,3749.0,3800.0,3560.0,3624.6,59014.0
2021-03-30 05:30:00+05:30,3740.0,3762.75,3620.0,3635.55,70237.0
2021-03-31 05:30:00+05:30,3630.0,3709.9,3572.2,3672.15,54489.0
2021-04-01 05:30:00+05:30,3702.45,3719.35,3571.9,3588.05,70337.0
2021-04-05 05:30:00+05:30,3599.95,3606.75,3465.55,3496.9,48272.0
2021-04-06 05:30:00+05:30,3503.35,3535.9,3422.05,3482.7,45992.0
2021-04-07 05:30:00+05:30,3490.1,3650.0,3485.55,3613.9,73681.0
2021-04-08 05:30:00+05:30,3735.0,3797.0,3685.0,3734.5,79537.0
2021-04-09 05:30:00+05:30,3730.0,3799.95,3707.05,3758.65,35187.0
2021-04-12 05:30:00+05:30,3636.6,3636.6,3500.0,3557.55,36409.0
2021-04-13 05:30:00+05:30,3533.0,3598.0,3505.0,3520.8,32489.0
2021-04-15 05:30:00+05:30,3510.0,3544.65,3460.0,3497.1,39218.0
2021-04-16 05:30:00+05:30,3520.0,3774.0,3502.2,3736.35,55266.0
2021-04-19 05:30:00+05:30,3560.0,3860.0,3538.65,3830.45,70027.0
2021-04-20 05:30:00+05:30,3848.0,3973.8,3843.15,3934.75,80287.0
2021-04-22 05:30:00+05:30,3949.0,3987.95,3852.25,3940.3,37687.0
2021-04-23 05:30:00+05:30,3919.0,3950.0,3872.15,3895.55,31427.0
2021-04-26 05:30:00+05:30,3890.0,3964.5,3840.15,3895.2,38690.0
2021-04-27 05:30:00+05:30,3931.0,4055.65,3921.25,4033.7,54451.0
2021-04-28 05:30:00+05:30,4089.0,4205.0,4080.0,4172.85,43877.0
2021-04-29 05:30:00+05:30,4215.0,4262.0,4092.2,4235.35,39866.0
2021-04-30 05:30:00+05:30,4175.0,4244.0,4150.0,4201.8,45291.0
2021-05-03 05:30:00+05:30,4150.0,4278.0,4122.2,4250.95,28022.0
2021-05-04 05:30:00+05:30,4281.25,4320.0,4105.95,4134.1,34931.0
2021-05-05 05:30:00+05:30,4134.0,4207.0,4062.0,4118.2,27924.0
2021-05-06 05:30:00+05:30,4170.0,4184.9,4104.35,4119.5,25062.0
2021-05-07 05:30:00+05:30,4137.25,4150.0,3901.05,3954.75,40916.0
2021-05-10 05:30:00+05:30,3960.0,4010.5,3816.2,3866.6,42997.0
2021-05-11 05:30:00+05:30,3887.95,3988.4,3830.0,3963.4,30973.0
2021-05-12 05:30:00+05:30,3986.0,3999.0,3909.65,3955.3,23399.0
2021-05-14 05:30:00+05:30,3960.0,3994.95,3900.0,3954.0,20211.0
2021-05-17 05:30:00+05:30,3952.0,3969.85,3905.1,3950.85,29550.0
2021-05-18 05:30:00+05:30,3950.0,3989.0,3905.0,3926.65,30880.0
2021-05-19 05:30:00+05:30,3943.0,3969.0,3891.0,3920.2,39153.0
2021-05-20 05:30:00+05:30,3925.0,3925.0,3853.0,3903.7,29702.0
2021-05-21 05:30:00+05:30,3930.0,3958.7,3907.0,3944.85,37540.0
2021-05-24 05:30:00+05:30,3979.0,4040.0,3896.85,3906.35,33382.0
2021-05-25 05:30:00+05:30,3941.55,3959.0,3895.0,3923.15,28716.0
2021-05-26 05:30:00+05:30,3947.8,3965.0,3896.6,3902.55,28624.0
2021-05-27 05:30:00+05:30,3924.95,4003.5,3911.8,3993.4,49850.0
2021-05-28 05:30:00+05:30,3950.0,4100.0,3851.15,3996.65,57679.0
2021-05-31 05:30:00+05:30,4019.95,4050.0,3954.35,4028.8,35902.0
2021-06-01 05:30:00+05:30,4050.0,4199.0,4023.0,4107.4,72271.0
2021-06-02 05:30:00+05:30,4110.0,4260.0,4110.0,4236.85,63098.0
2021-06-03 05:30:00+05:30,4280.0,4375.0,4273.95,4324.25,46842.0
2021-06-04 05:30:00+05:30,4372.0,4395.0,4250.0,4287.25,42732.0
2021-06-07 05:30:00+05:30,4318.8,4330.0,4209.45,4267.2,31931.0
2021-06-08 05:30:00+05:30,4268.95,4293.45,4195.0,4226.3,36254.0
2021-06-09 05:30:00+05:30,4239.0,4239.0,4160.0,4195.85,27056.0
2021-06-10 05:30:00+05:30,4196.0,4285.0,4175.25,4193.35,39953.0
2021-06-11 05:30:00+05:30,4198.9,4235.0,4143.8,4189.5,24844.0
2021-06-14 05:30:00+05:30,4175.0,4210.65,4095.55,4177.6,27650.0
2021-06-15 05:30:00+05:30,4199.8,4258.95,4187.25,4244.85,24161.0
2021-06-16 05:30:00+05:30,4257.0,4257.0,4155.75,4193.35,23178.0
2021-06-17 05:30:00+05:30,4155.0,4335.0,4129.0,4299.15,49144.0
2021-06-18 05:30:00+05:30,4348.0,4476.85,4285.0,4427.15,84003.0
2021-06-21 05:30:00+05:30,4425.1,4642.95,4359.0,4588.25,77449.0
2021-06-22 05:30:00+05:30,4629.85,4682.6,4505.55,4554.55,57398.0
2021-06-23 05:30:00+05:30,4589.9,4617.05,4452.05,4483.35,35512.0
2021-06-24 05:30:00+05:30,4490.0,4584.0,4426.0,4554.25,36547.0
2021-06-25 05:30:00+05:30,4570.0,4585.0,4486.0,4499.1,32934.0
2021-06-28 05:30:00+05:30,4515.0,4539.7,4460.05,4474.7,23953.0
2021-06-29 05:30:00+05:30,4501.0,4540.0,4451.0,4477.75,19316.0
2021-06-30 05:30:00+05:30,4510.0,4510.0,4410.0,4421.05,21599.0
2021-07-01 05:30:00+05:30,4434.0,4450.15,4370.0,4411.5,23017.0
2021-07-02 05:30:00+05:30,4480.0,4610.8,4475.0,4518.85,51744.0
2021-07-05 05:30:00+05:30,4555.0,4645.0,4555.0,4609.45,38863.0
2021-07-06 05:30:00+05:30,4635.0,4654.95,4575.0,4609.95,22397.0
2021-07-07 05:30:00+05:30,4613.5,4613.5,4478.0,4524.45,57615.0
2021-07-08 05:30:00+05:30,4549.0,4580.2,4509.0,4530.5,25018.0
2021-07-09 05:30:00+05:30,4516.0,4607.7,4516.0,4585.65,26996.0
2021-07-12 05:30:00+05:30,4594.0,4617.7,4509.95,4551.15,24156.0
2021-07-13 05:30:00+05:30,4570.95,4698.65,4530.0,4586.2,34087.0
2021-07-14 05:30:00+05:30,4609.85,4639.7,4560.65,4593.1,26969.0
2021-07-15 05:30:00+05:30,4592.0,4670.0,4551.2,4645.5,34729.0
2021-07-16 05:30:00+05:30,4669.95,4734.9,4630.0,4646.3,25752.0
2021-07-19 05:30:00+05:30,4630.0,4648.7,4530.0,4562.4,26377.0
2021-07-20 05:30:00+05:30,4580.0,4619.3,4452.05,4576.6,30180.0
2021-07-22 05:30:00+05:30,4599.0,4635.1,4540.1,4586.4,23228.0
2021-07-23 05:30:00+05:30,4619.0,4619.0,4532.9,4550.4,22266.0
2021-07-26 05:30:00+05:30,4584.0,4584.0,4515.5,4530.5,15392.0
2021-07-27 05:30:00+05:30,4566.95,4614.2,4420.0,4518.1,38445.0
2021-07-28 05:30:00+05:30,4450.0,4450.0,4351.0,4415.65,30474.0
2021-07-29 05:30:00+05:30,4428.0,4444.25,4206.0,4234.65,36489.0
2021-07-30 05:30:00+05:30,4229.9,4326.75,4222.55,4304.6,58213.0
2021-08-02 05:30:00+05:30,4322.0,4367.1,4304.65,4348.6,36506.0
2021-08-03 05:30:00+05:30,4369.85,4369.85,4261.05,4272.65,31084.0
2021-08-04 05:30:00+05:30,4289.75,4340.0,4223.1,4235.05,31426.0
2021-08-05 05:30:00+05:30,4269.0,4349.0,4220.2,4312.1,36523.0
2021-08-06 05:30:00+05:30,4313.1,4333.3,4261.0,4285.25,17762.0
2021-08-09 05:30:00+05:30,4300.0,4345.0,4264.1,4286.1,23612.0
2021-08-10 05:30:00+05:30,4302.0,4415.7,4250.05,4288.25,44113.0
2021-08-11 05:30:00+05:30,4290.0,4314.25,4117.0,4198.7,30457.0
2021-08-12 05:30:00+05:30,4209.65,4236.25,4156.95,4197.3,26021.0
2021-08-13 05:30:00+05:30,4217.95,4227.15,4170.0,4214.25,30674.0
2021-08-16 05:30:00+05:30,4203.0,4207.0,4150.0,4156.0,21993.0
2021-08-17 05:30:00+05:30,4157.0,4184.0,4071.0,4099.35,40357.0
2021-08-18 05:30:00+05:30,4126.0,4140.0,4070.0,4099.35,35172.0
2021-08-20 05:30:00+05:30,4071.0,4081.85,4007.15,4043.3,33322.0
2021-08-23 05:30:00+05:30,4043.3,4093.55,3900.0,3910.15,42618.0
2021-08-24 05:30:00+05:30,3890.0,3890.0,3760.45,3818.75,52242.0
2021-08-25 05:30:00+05:30,3850.0,3984.8,3804.0,3825.85,51647.0
2021-08-26 05:30:00+05:30,3871.0,4087.0,3841.45,4042.7,64545.0
2021-08-27 05:30:00+05:30,4065.0,4144.65,4008.75,4046.25,62564.0
2021-08-30 05:30:00+05:30,4080.0,4184.65,4001.1,4115.2,63263.0
2021-08-31 05:30:00+05:30,4148.0,4222.9,4105.05,4160.4,52123.0
2021-09-01 05:30:00+05:30,4160.4,4197.6,4135.0,4142.7,63908.0
2021-09-02 05:30:00+05:30,4141.0,4330.0,4141.0,4294.25,93123.0
2021-09-03 05:30:00+05:30,4312.0,4337.2,4221.4,4240.2,64508.0
2021-09-06 05:30:00+05:30,4250.0,4310.0,4247.5,4288.25,53620.0
2021-09-07 05:30:00+05:30,4250.55,4348.0,4201.0,4326.15,58372.0
2021-09-08 05:30:00+05:30,4349.7,4399.9,4277.75,4310.35,76800.0
2021-09-09 05:30:00+05:30,4308.0,4366.0,4293.0,4317.2,43776.0
2021-09-13 05:30:00+05:30,4315.0,4346.0,4260.8,4306.75,44087.0
2021-09-14 05:30:00+05:30,4324.4,4336.35,4263.05,4289.15,44785.0
2021-09-15 05:30:00+05:30,4270.0,4288.0,4239.95,4271.75,58295.0
2021-09-16 05:30:00+05:30,4255.0,4288.15,4232.0,4251.45,41114.0
2021-09-17 05:30:00+05:30,4261.0,4320.2,4151.05,4245.1,69177.0
2021-09-20 05:30:00+05:30,4220.0,4253.1,4120.0,4168.7,42541.0
2021-09-21 05:30:00+05:30,4150.55,4150.55,3994.3,4107.45,52297.0
2021-09-22 05:30:00+05:30,4051.1,4200.25,4026.5,4163.15,48755.0
2021-09-23 05:30:00+05:30,4222.0,4460.0,4215.15,4396.3,130762.0
2021-09-24 05:30:00+05:30,4434.0,4479.85,4355.0,4380.05,82567.0
2021-09-27 05:30:00+05:30,4387.0,4520.0,4306.2,4491.95,93929.0
2021-09-28 05:30:00+05:30,4518.0,4565.0,4405.0,4449.4,100002.0
2021-09-29 05:30:00+05:30,4360.0,4488.0,4327.1,4465.4,46645.0
2021-09-30 05:30:00+05:30,4484.5,4642.4,4450.0,4611.9,89191.0
2021-10-01 05:30:00+05:30,4579.75,4899.95,4545.65,4844.6,124901.0
2021-10-04 05:30:00+05:30,4939.95,5071.7,4830.15,4859.8,94544.0
2021-10-05 05:30:00+05:30,4856.0,4947.6,4801.75,4830.5,49171.0
2021-10-06 05:30:00+05:30,4848.0,4965.5,4758.1,4834.75,78057.0
2021-10-07 05:30:00+05:30,4852.0,4960.0,4835.0,4865.8,51429.0
2021-10-08 05:30:00+05:30,4922.0,5352.35,4880.0,5254.1,109471.0
2021-10-11 05:30:00+05:30,5400.0,5568.45,5201.15,5393.7,126996.0
2021-10-12 05:30:00+05:30,5390.0,5565.3,5370.95,5463.5,82783.0
2021-10-13 05:30:00+05:30,5504.0,5610.0,5409.05,5503.9,67311.0
2021-10-14 05:30:00+05:30,5555.75,5649.95,5490.0,5511.3,75068.0
2021-10-18 05:30:00+05:30,5632.0,5809.5,5600.8,5753.45,99442.0
2021-10-19 05:30:00+05:30,5845.0,6240.0,5556.05,5721.3,126183.0
2021-10-20 05:30:00+05:30,5720.0,5720.0,5035.1,5209.35,114633.0
2021-10-21 05:30:00+05:30,5260.0,5372.9,5036.2,5267.85,93348.0
2021-10-22 05:30:00+05:30,5340.0,5367.8,5057.5,5112.05,65462.0
2021-10-25 05:30:00+05:30,5130.0,5155.85,4801.0,4831.2,67962.0
2021-10-26 05:30:00+05:30,4832.0,5216.75,4744.05,5161.1,87527.0
2021-10-27 05:30:00+05:30,5181.9,5258.3,5111.25,5146.25,56212.0
2021-10-28 05:30:00+05:30,5163.9,5275.0,5044.05,5160.45,55826.0
2021-10-29 05:30:00+05:30,5085.0,5138.75,4793.95,4993.55,66431.0
2021-11-01 05:30:00+05:30,4993.0,5344.7,4991.95,5306.1,70997.0
2021-11-02 05:30:00+05:30,5300.0,5529.9,5299.95,5493.5,100627.0
2021-11-03 05:30:00+05:30,5539.0,5642.0,5516.3,5561.7,89242.0
2021-11-04 05:30:00+05:30,5597.1,5640.9,5571.45,5590.5,13297.0
2021-11-08 05:30:00+05:30,5610.0,5624.05,5480.05,5535.45,37033.0
2021-11-09 05:30:00+05:30,5537.0,5722.0,5519.7,5595.25,78943.0
2021-11-10 05:30:00+05:30,5600.0,5600.0,5491.25,5527.3,44967.0
2021-11-11 05:30:00+05:30,5530.0,5564.95,5360.55,5382.65,51561.0
2021-11-12 05:30:00+05:30,5435.0,5524.0,5340.8,5405.85,55696.0
2021-11-15 05:30:00+05:30,5459.4,5486.8,5361.05,5410.55,44042.0
2021-11-16 05:30:00+05:30,5444.6,5596.3,5361.05,5479.35,67177.0
2021-11-17 05:30:00+05:30,5479.95,5532.3,5415.05,5449.1,45046.0
2021-11-18 05:30:00+05:30,5439.0,5521.0,5235.0,5388.45,51018.0
2021-11-22 05:30:00+05:30,5417.0,5417.0,5000.5,5067.55,79698.0
2021-11-23 05:30:00+05:30,5045.0,5120.0,4958.3,5084.0,58232.0
2021-11-24 05:30:00+05:30,5120.0,5147.95,5052.05,5077.55,50891.0
2021-11-25 05:30:00+05:30,5125.0,5294.65,5082.05,5222.25,76092.0
2021-11-26 05:30:00+05:30,5200.0,5200.0,5007.6,5102.5,55590.0
2021-11-29 05:30:00+05:30,4935.0,5148.95,4831.8,5003.8,61148.0
2021-11-30 05:30:00+05:30,5006.0,5175.0,5006.0,5100.7,55386.0
2021-12-01 05:30:00+05:30,5100.5,5180.65,5055.0,5077.75,35334.0
2021-12-02 05:30:00+05:30,5083.0,5118.2,5041.5,5095.65,42547.0
2021-12-03 05:30:00+05:30,5125.0,5267.0,5105.6,5178.65,66769.0
2021-12-06 05:30:00+05:30,5200.0,5256.0,5092.05,5112.1,48059.0
2021-12-07 05:30:00+05:30,5150.0,5233.45,5111.0,5220.5,43905.0
2021-12-08 05:30:00+05:30,5280.0,5399.0,5262.3,5377.4,60844.0
2021-12-09 05:30:00+05:30,5400.0,5428.1,5370.0,5389.2,32915.0
2021-12-10 05:30:00+05:30,5423.0,5573.2,5394.0,5544.45,68372.0
2021-12-13 05:30:00+05:30,5620.0,5858.0,5605.55,5708.5,87066.0
2021-12-14 05:30:00+05:30,5679.8,5679.8,5485.6,5529.35,51669.0
2021-12-15 05:30:00+05:30,5560.0,5659.75,5501.2,5584.75,57092.0
2021-12-16 05:30:00+05:30,5606.6,5719.0,5500.1,5526.35,72406.0
2021-12-17 05:30:00+05:30,5550.2,5608.2,5360.0,5383.55,44364.0
2021-12-20 05:30:00+05:30,5250.0,5274.5,5061.4,5227.0,73237.0
2021-12-21 05:30:00+05:30,5318.3,5531.15,5257.0,5501.45,71778.0
2021-12-22 05:30:00+05:30,5531.0,5620.0,5333.45,5413.25,81945.0
2021-12-23 05:30:00+05:30,5362.0,5499.9,5342.0,5369.1,76080.0
2021-12-24 05:30:00+05:30,5388.0,5469.0,5384.95,5423.4,64568.0
2021-12-27 05:30:00+05:30,5423.0,5659.0,5352.7,5617.35,67810.0
2021-12-28 05:30:00+05:30,5706.4,5722.5,5580.4,5598.5,91064.0
2021-12-29 05:30:00+05:30,5578.0,5629.8,5540.0,5554.8,40268.0
2021-12-30 05:30:00+05:30,5543.5,5583.3,5502.45,5555.5,43705.0
2021-12-31 05:30:00+05:30,5575.0,5598.0,5499.85,5509.55,60893.0
2022-01-03 05:30:00+05:30,5526.0,5572.35,5505.0,5517.1,32983.0
2022-01-04 05:30:00+05:30,5540.0,5554.35,5443.7,5480.95,35902.0
2022-01-05 05:30:00+05:30,5479.0,5479.0,5300.0,5312.95,61723.0
2022-01-06 05:30:00+05:30,5300.0,5347.8,5220.0,5338.5,54603.0
2022-01-07 05:30:00+05:30,5390.85,5391.85,5280.0,5295.05,45176.0
2022-01-10 05:30:00+05:30,5322.0,5349.75,5278.0,5290.2,41415.0
2022-01-11 05:30:00+05:30,5296.5,5327.45,5258.7,5265.1,38143.0
2022-01-12 05:30:00+05:30,5306.75,5369.0,5242.45,5266.0,60029.0
2022-01-13 05:30:00+05:30,5330.0,5352.95,5249.0,5269.45,34560.0
2022-01-14 05:30:00+05:30,5250.0,5310.0,5250.0,5268.35,20118.0
2022-01-17 05:30:00+05:30,5280.0,5409.6,5255.35,5388.1,60488.0
2022-01-18 05:30:00+05:30,5440.0,5443.05,5181.5,5235.65,50664.0
2022-01-19 05:30:00+05:30,5260.0,5299.95,5210.0,5259.2,47826.0
2022-01-20 05:30:00+05:30,5263.0,5287.4,5210.15,5226.25,31409.0
2022-01-21 05:30:00+05:30,5170.0,5227.0,4944.2,4979.25,53166.0
2022-01-24 05:30:00+05:30,4980.0,4997.0,4588.0,4620.55,105793.0
2022-01-25 05:30:00+05:30,4590.0,4724.9,4412.3,4552.1,72648.0
2022-01-27 05:30:00+05:30,4525.0,4525.0,4380.0,4390.55,89407.0
2022-01-28 05:30:00+05:30,4400.0,4538.35,4120.15,4392.0,84395.0
2022-01-31 05:30:00+05:30,4300.0,4522.8,4190.05,4407.25,119909.0
2022-02-01 05:30:00+05:30,4510.0,4549.0,4403.55,4437.8,77018.0
2022-02-02 05:30:00+05:30,4478.1,4659.95,4475.0,4628.4,87879.0
2022-02-03 05:30:00+05:30,4656.0,4656.0,4500.0,4525.05,56978.0
2022-02-04 05:30:00+05:30,4550.0,4555.55,4457.0,4492.55,56140.0
2022-02-07 05:30:00+05:30,4500.0,4519.0,4360.05,4397.25,48732.0
2022-02-08 05:30:00+05:30,4421.8,4443.55,4258.2,4312.85,70506.0
2022-02-09 05:30:00+05:30,4350.0,4499.0,4330.1,4485.0,55982.0
2022-02-10 05:30:00+05:30,4500.0,4537.1,4450.0,4499.55,33806.0
2022-02-11 05:30:00+05:30,4474.0,4474.0,4350.0,4364.55,43459.0
2022-02-14 05:30:00+05:30,4202.25,4268.15,4129.55,4146.5,56157.0
2022-02-15 05:30:00+05:30,4181.9,4319.95,4150.0,4297.95,63172.0
2022-02-16 05:30:00+05:30,4330.0,4352.0,4225.1,4272.9,50095.0
2022-02-17 05:30:00+05:30,4288.0,4329.9,4183.55,4193.5,52082.0
2022-02-18 05:30:00+05:30,4165.0,4218.7,4042.7,4069.6,53776.0
2022-02-21 05:30:00+05:30,4050.0,4207.05,3979.8,4086.8,89648.0
2022-02-22 05:30:00+05:30,3970.0,4181.75,3948.05,4159.5,78990.0
2022-02-23 05:30:00+05:30,4200.0,4285.0,4180.0,4237.45,84449.0
2022-02-24 05:30:00+05:30,4095.0,4158.2,4002.0,4049.6,79609.0
2022-02-25 05:30:00+05:30,4132.0,4454.55,4128.05,4434.15,103505.0
2022-02-28 05:30:00+05:30,4340.0,4351.0,4242.25,4318.25,65572.0
2022-03-02 05:30:00+05:30,4282.2,4344.0,4241.0,4280.8,40361.0
2022-03-03 05:30:00+05:30,4332.25,4378.2,4210.0,4222.2,42179.0
2022-03-04 05:30:00+05:30,4200.0,4222.0,4130.0,4151.65,37278.0
2022-03-07 05:30:00+05:30,4025.0,4095.0,3947.45,4058.15,38676.0
2022-03-08 05:30:00+05:30,4051.0,4136.95,4003.05,4073.75,33030.0
2022-03-09 05:30:00+05:30,4080.0,4140.0,4053.0,4092.35,39304.0
2022-03-10 05:30:00+05:30,4224.0,4224.0,4095.0,4125.35,63779.0
2022-03-11 05:30:00+05:30,4125.0,4194.2,4095.25,4153.95,41775.0
2022-03-14 05:30:00+05:30,4160.0,4459.95,4115.0,4336.6,62302.0
2022-03-15 05:30:00+05:30,4376.0,4423.0,4254.0,4284.2,68702.0
2022-03-16 05:30:00+05:30,4325.0,4498.8,4325.0,4413.2,68582.0
2022-03-17 05:30:00+05:30,4488.0,4544.95,4454.0,4478.6,95745.0
2022-03-21 05:30:00+05:30,4507.0,4527.95,4421.55,4508.4,42566.0
2022-03-22 05:30:00+05:30,4488.85,4499.0,4343.75,4374.0,67746.0
2022-03-23 05:30:00+05:30,4412.9,4448.4,4362.0,4386.4,59848.0
2022-03-24 05:30:00+05:30,4375.0,4400.0,4312.0,4323.15,30198.0
2022-03-25 05:30:00+05:30,4342.6,4415.9,4266.0,4278.2,34866.0
2022-03-28 05:30:00+05:30,4299.0,4299.0,4048.65,4174.35,68501.0
2022-03-29 05:30:00+05:30,4177.0,4338.2,4177.0,4232.85,77946.0
2022-03-30 05:30:00+05:30,4288.0,4383.0,4265.55,4366.3,58053.0
2022-03-31 05:30:00+05:30,4370.0,4373.15,4293.1,4308.8,53351.0
2022-04-01 05:30:00+05:30,4332.35,4398.95,4311.8,4361.0,36190.0
2022-04-04 05:30:00+05:30,4389.35,4434.9,4364.6,4404.35,34166.0
2022-04-05 05:30:00+05:30,4425.0,4690.0,4411.5,4638.7,84996.0
2022-04-06 05:30:00+05:30,4631.0,4656.95,4568.5,4592.35,56271.0
2022-04-07 05:30:00+05:30,4579.5,4580.2,4451.95,4463.4,47258.0
2022-04-08 05:30:00+05:30,4460.0,4554.0,4460.0,4475.75,39995.0
2022-04-11 05:30:00+05:30,4475.75,4476.0,4375.0,4416.35,36789.0
2022-04-12 05:30:00+05:30,4405.05,4405.35,4315.55,4347.0,38218.0
2022-04-13 05:30:00+05:30,4360.0,4485.0,4360.0,4431.85,61730.0
2022-04-18 05:30:00+05:30,4400.0,4400.0,4286.4,4308.9,52622.0
2022-04-19 05:30:00+05:30,4340.0,4374.0,4150.0,4197.0,49879.0
2022-04-20 05:30:00+05:30,4229.95,4275.95,4165.0,4221.1,34994.0
2022-04-21 05:30:00+05:30,4271.0,4308.7,4246.0,4294.65,31092.0
2022-04-22 05:30:00+05:30,4250.0,4325.6,4250.0,4298.6,46517.0
2022-04-25 05:30:00+05:30,4270.0,4334.6,4230.25,4312.95,41094.0
2022-04-26 05:30:00+05:30,4344.95,4388.0,4325.0,4340.25,25057.0
2022-04-27 05:30:00+05:30,4310.0,4346.5,4255.6,4314.95,32155.0
2022-04-28 05:30:00+05:30,4325.95,4384.0,4300.0,4371.25,43141.0
2022-04-29 05:30:00+05:30,4398.85,4424.15,4356.2,4396.25,32096.0
2022-05-02 05:30:00+05:30,4211.0,4263.0,3972.35,3994.85,139743.0
2022-05-04 05:30:00+05:30,4001.0,4104.4,3780.45,3810.45,110281.0
2022-05-05 05:30:00+05:30,3860.0,3994.7,3821.0,3949.55,103499.0
2022-05-06 05:30:00+05:30,3850.0,3996.95,3765.65,3909.6,112817.0
2022-05-09 05:30:00+05:30,3908.55,3930.0,3768.8,3824.25,47243.0
2022-05-10 05:30:00+05:30,3671.85,3688.6,3549.5,3680.1,104102.0
2022-05-11 05:30:00+05:30,3700.0,3746.35,3403.05,3511.8,118330.0
2022-05-12 05:30:00+05:30,3494.95,3500.0,3304.0,3401.1,116198.0
2022-05-13 05:30:00+05:30,3450.0,3484.3,3255.0,3371.4,144918.0
2022-05-16 05:30:00+05:30,3403.0,3425.0,3180.55,3342.9,95183.0
2022-05-17 05:30:00+05:30,3321.0,3515.0,3321.0,3489.1,74373.0
2022-05-18 05:30:00+05:30,3540.1,3575.0,3452.65,3504.4,76110.0
2022-05-19 05:30:00+05:30,3397.0,3454.9,3361.2,3379.25,44753.0
2022-05-20 05:30:00+05:30,3419.0,3454.95,3385.95,3428.15,44754.0
2022-05-23 05:30:00+05:30,3440.0,3541.95,3417.8,3508.9,42159.0
2022-05-24 05:30:00+05:30,3500.0,3524.9,3429.55,3448.0,36076.0
2022-05-25 05:30:00+05:30,3448.0,3463.85,3277.55,3345.2,83178.0
2022-05-26 05:30:00+05:30,3385.0,3398.95,3268.05,3364.65,49308.0
2022-05-27 05:30:00+05:30,3399.0,3505.0,3399.0,3421.15,34388.0
2022-05-30 05:30:00+05:30,3484.0,3881.5,3460.05,3804.05,74830.0
2022-05-31 05:30:00+05:30,3730.0,3964.85,3675.0,3858.7,118704.0
2022-06-01 05:30:00+05:30,3885.1,3944.4,3863.05,3892.3,49602.0
2022-06-02 05:30:00+05:30,3887.0,3940.0,3830.0,3918.3,54905.0
2022-06-03 05:30:00+05:30,3952.0,3994.3,3546.05,3644.45,73645.0
2022-06-06 05:30:00+05:30,3690.0,3725.05,3537.35,3669.2,89294.0
2022-06-07 05:30:00+05:30,3669.2,3669.95,3570.35,3617.6,55026.0
2022-06-08 05:30:00+05:30,3630.0,3683.0,3550.15,3592.95,56513.0
2022-06-09 05:30:00+05:30,3555.0,3639.9,3550.05,3610.2,29088.0
2022-06-10 05:30:00+05:30,3555.0,3623.0,3555.0,3609.25,28517.0
2022-06-13 05:30:00+05:30,3540.0,3540.0,3470.0,3489.8,39878.0
2022-06-14 05:30:00+05:30,3511.0,3550.75,3400.1,3413.0,61721.0
2022-06-15 05:30:00+05:30,3414.0,3520.5,3405.05,3465.45,42257.0
2022-06-16 05:30:00+05:30,3500.0,3557.0,3296.0,3350.65,60264.0
2022-06-17 05:30:00+05:30,3320.25,3400.0,3275.0,3360.3,45616.0
2022-06-20 05:30:00+05:30,3392.3,3396.4,3260.2,3325.95,52267.0
2022-06-21 05:30:00+05:30,3391.95,3479.2,3365.95,3462.05,51733.0
2022-06-22 05:30:00+05:30,3400.0,3414.9,3250.25,3365.7,86166.0
2022-06-23 05:30:00+05:30,3365.0,3435.0,3330.95,3392.0,61913.0
2022-06-24 05:30:00+05:30,3420.0,3549.05,3420.0,3527.35,70643.0
2022-06-27 05:30:00+05:30,3597.0,3658.55,3575.0,3636.15,55921.0
2022-06-28 05:30:00+05:30,3640.0,3695.0,3591.1,3664.7,51564.0
2022-06-29 05:30:00+05:30,3615.0,3723.05,3595.15,3650.9,54564.0
2022-06-30 05:30:00+05:30,3650.9,3688.5,3552.2,3575.0,47583.0
2022-07-01 05:30:00+05:30,3575.0,3606.65,3517.0,3595.7,34794.0
2022-07-04 05:30:00+05:30,3564.75,3612.75,3548.05,3591.4,29206.0
2022-07-05 05:30:00+05:30,3614.1,3620.0,3511.0,3524.65,48020.0
2022-07-06 05:30:00+05:30,3508.0,3681.4,3508.0,3668.75,48906.0
2022-07-07 05:30:00+05:30,3684.95,3727.4,3653.05,3706.0,44804.0
2022-07-08 05:30:00+05:30,3724.5,3740.0,3618.0,3657.9,50497.0
2022-07-11 05:30:00+05:30,3621.15,3749.9,3621.15,3741.25,43894.0
2022-07-12 05:30:00+05:30,3745.65,3921.0,3727.15,3872.4,131148.0
2022-07-13 05:30:00+05:30,3897.6,3913.0,3807.2,3820.8,71684.0
2022-07-14 05:30:00+05:30,3850.0,3850.0,3685.6,3699.3,51742.0
2022-07-15 05:30:00+05:30,3703.0,3755.55,3703.0,3743.1,32806.0
2022-07-18 05:30:00+05:30,3764.65,3850.0,3764.65,3811.55,48934.0
2022-07-19 05:30:00+05:30,3824.0,3850.0,3794.95,3812.7,22232.0
2022-07-20 05:30:00+05:30,3855.0,3955.0,3836.05,3933.65,52413.0
2022-07-21 05:30:00+05:30,3945.95,4019.2,3895.0,3948.35,67476.0
2022-07-22 05:30:00+05:30,3970.0,4005.0,3832.05,3856.65,51315.0
2022-07-25 05:30:00+05:30,3850.0,3850.0,3754.0,3764.05,42268.0
2022-07-26 05:30:00+05:30,3775.05,3810.0,3673.0,3685.95,49876.0
2022-07-27 05:30:00+05:30,3685.95,3737.95,3615.95,3700.25,44741.0
2022-07-28 05:30:00+05:30,3690.0,3702.0,3550.8,3578.5,99925.0
2022-07-29 05:30:00+05:30,3616.0,3709.75,3588.5,3699.9,80025.0
2022-08-01 05:30:00+05:30,3720.0,3796.0,3697.0,3748.2,54528.0
2022-08-02 05:30:00+05:30,3741.0,3815.85,3714.0,3775.75,41914.0
2022-08-03 05:30:00+05:30,3774.0,3797.0,3716.0,3755.3,30757.0
2022-08-04 05:30:00+05:30,3780.3,3867.0,3760.2,3836.8,79853.0
2022-08-05 05:30:00+05:30,3845.0,3859.9,3818.0,3827.3,34618.0
2022-08-08 05:30:00+05:30,3827.3,3862.0,3712.85,3798.2,41734.0
2022-08-10 05:30:00+05:30,3794.1,3915.2,3757.5,3845.95,54152.0
2022-08-11 05:30:00+05:30,3890.0,4007.65,3867.9,3879.9,71742.0
2022-08-12 05:30:00+05:30,3894.9,3894.9,3815.4,3832.3,38843.0
2022-08-16 05:30:00+05:30,3875.0,3919.8,3792.75,3899.65,49724.0
2022-08-17 05:30:00+05:30,3916.0,4054.75,3907.5,4006.15,110620.0
2022-08-18 05:30:00+05:30,4015.0,4117.95,4006.15,4068.15,88962.0
2022-08-19 05:30:00+05:30,4093.95,4115.0,3938.8,3989.95,64956.0
2022-08-22 05:30:00+05:30,3984.95,4073.85,3893.3,4034.5,63893.0
2022-08-23 05:30:00+05:30,3980.0,4147.95,3960.1,4049.5,64853.0
2022-08-24 05:30:00+05:30,4069.0,4146.5,4056.0,4090.9,79948.0
2022-08-25 05:30:00+05:30,4120.75,4144.0,4065.0,4074.4,59571.0
2022-08-26 05:30:00+05:30,4090.0,4174.0,4056.0,4073.4,60618.0
2022-08-29 05:30:00+05:30,3925.0,4038.0,3925.0,3981.5,43848.0
2022-08-30 05:30:00+05:30,4079.95,4120.0,4037.55,4103.7,50683.0
2022-09-01 05:30:00+05:30,4097.5,4097.5,4006.75,4071.8,48495.0
2022-09-02 05:30:00+05:30,4095.0,4196.75,4070.0,4109.3,59645.0
2022-09-05 05:30:00+05:30,4110.85,4213.8,4065.65,4204.7,108338.0
2022-09-06 05:30:00+05:30,4245.9,4246.1,4149.45,4187.2,80323.0
2022-09-07 05:30:00+05:30,4182.0,4380.0,4175.0,4362.8,129220.0
2022-09-08 05:30:00+05:30,4400.0,4436.1,4367.85,4392.8,88097.0
2022-09-09 05:30:00+05:30,4420.7,4559.0,4420.7,4540.05,97838.0
2022-09-12 05:30:00+05:30,4540.05,4578.0,4474.1,4497.55,42037.0
2022-09-13 05:30:00+05:30,4580.0,4669.95,4560.1,4598.45,78309.0
2022-09-14 05:30:00+05:30,4500.0,4615.0,4481.9,4598.1,55545.0
2022-09-15 05:30:00+05:30,4620.0,4650.0,4570.0,4584.4,38470.0
2022-09-16 05:30:00+05:30,4579.2,4616.0,4418.45,4446.7,44599.0
2022-09-19 05:30:00+05:30,4446.7,4491.2,4361.1,4401.35,32256.0
2022-09-20 05:30:00+05:30,4450.0,4548.0,4441.15,4493.8,35236.0
2022-09-21 05:30:00+05:30,4487.95,4589.65,4452.0,4492.45,49035.0
2022-09-22 05:30:00+05:30,4469.0,4522.0,4451.0,4469.3,32745.0
2022-09-23 05:30:00+05:30,4475.0,4509.9,4302.75,4314.35,40761.0
2022-09-26 05:30:00+05:30,4300.0,4300.0,4110.5,4174.05,49264.0
2022-09-27 05:30:00+05:30,4219.3,4249.0,4140.0,4207.2,48155.0
2022-09-28 05:30:00+05:30,4207.2,4308.0,4163.85,4253.0,58137.0
2022-09-29 05:30:00+05:30,4299.85,4325.1,4230.0,4263.15,38837.0
2022-09-30 05:30:00+05:30,4260.0,4414.0,4245.15,4371.6,63195.0
2022-10-03 05:30:00+05:30,4374.0,4428.45,4269.55,4299.1,30280.0
2022-10-04 05:30:00+05:30,4350.25,4374.95,4300.0,4335.5,22060.0
2022-10-06 05:30:00+05:30,4371.8,4454.0,4368.0,4433.05,29537.0
2022-10-07 05:30:00+05:30,4399.4,4500.0,4278.3,4314.55,63469.0
2022-10-10 05:30:00+05:30,4285.0,4285.0,4214.5,4235.6,40152.0
2022-10-11 05:30:00+05:30,4235.6,4285.1,4230.0,4259.8,25056.0
2022-10-12 05:30:00+05:30,4280.0,4338.75,4239.6,4278.5,36280.0
2022-10-13 05:30:00+05:30,4287.0,4321.5,4241.5,4286.7,28441.0
2022-10-14 05:30:00+05:30,4339.0,4348.95,4236.5,4249.05,23651.0
2022-10-17 05:30:00+05:30,4252.0,4285.0,4189.0,4280.55,25661.0
2022-10-18 05:30:00+05:30,4309.0,4319.55,4252.05,4295.8,28703.0
2022-10-19 05:30:00+05:30,4295.8,4343.7,4261.2,4272.65,21035.0
2022-10-20 05:30:00+05:30,4233.0,4313.85,4212.55,4295.8,30566.0
2022-10-21 05:30:00+05:30,4328.2,4440.0,4262.05,4275.0,85237.0
2022-10-24 05:30:00+05:30,4329.85,4329.85,4270.05,4279.3,6068.0
2022-10-25 05:30:00+05:30,4288.95,4347.0,4279.05,4324.95,27878.0
2022-10-27 05:30:00+05:30,4352.0,4421.75,4339.75,4409.15,37648.0
2022-10-28 05:30:00+05:30,4431.45,4450.0,4380.0,4389.15,24293.0
2022-10-31 05:30:00+05:30,4405.15,4525.0,4392.0,4516.6,51335.0
2022-11-01 05:30:00+05:30,4530.0,4562.95,4494.1,4526.95,52005.0
2022-11-02 05:30:00+05:30,4547.0,4586.9,4529.05,4568.25,37271.0
2022-11-03 05:30:00+05:30,4502.0,4588.0,4502.0,4533.65,27112.0
2022-11-04 05:30:00+05:30,4552.0,4563.8,4504.3,4514.45,14678.0
2022-11-07 05:30:00+05:30,4530.0,4589.0,4502.3,4530.4,23140.0
2022-11-09 05:30:00+05:30,4550.0,4614.9,4515.0,4539.85,35377.0
2022-11-10 05:30:00+05:30,4521.05,4548.0,4462.1,4505.85,19187.0
2022-11-11 05:30:00+05:30,4540.0,4647.55,4520.0,4537.5,60359.0
2022-11-14 05:30:00+05:30,4560.2,4602.0,4510.25,4591.45,25648.0
2022-11-15 05:30:00+05:30,4597.0,4663.0,4560.55,4582.8,61704.0
2022-11-16 05:30:00+05:30,4585.0,4603.9,4486.65,4530.55,19012.0
2022-11-17 05:30:00+05:30,4499.0,4506.2,4376.0,4386.0,44433.0
2022-11-18 05:30:00+05:30,4386.0,4411.85,4251.35,4345.9,51058.0
2022-11-21 05:30:00+05:30,4345.9,4393.25,4309.45,4336.85,20541.0
2022-11-22 05:30:00+05:30,4356.0,4368.9,4320.3,4347.95,16736.0
2022-11-23 05:30:00+05:30,4360.0,4405.0,4321.0,4382.95,23570.0
2022-11-24 05:30:00+05:30,4404.85,4404.85,4350.5,4383.8,29781.0
2022-11-25 05:30:00+05:30,4380.0,4453.65,4364.25,4368.3,29251.0
2022-11-28 05:30:00+05:30,4350.7,4390.1,4316.0,4338.1,29498.0
2022-11-29 05:30:00+05:30,4325.0,4350.75,4273.0,4281.7,29043.0
2022-11-30 05:30:00+05:30,4299.0,4312.3,4207.0,4251.9,47196.0
2022-12-01 05:30:00+05:30,4273.15,4390.0,4257.9,4385.35,48496.0
2022-12-02 05:30:00+05:30,4389.0,4413.85,4360.0,4375.15,21386.0
2022-12-05 05:30:00+05:30,4380.0,4404.9,4344.6,4368.3,16221.0
2022-12-06 05:30:00+05:30,4351.8,4367.0,4315.6,4328.6,14190.0
2022-12-07 05:30:00+05:30,4330.0,4348.6,4260.0,4263.7,17937.0
2022-12-08 05:30:00+05:30,4284.9,4285.05,4140.0,4164.25,42491.0
2022-12-09 05:30:00+05:30,4200.0,4225.8,4082.65,4103.9,66105.0
2022-12-12 05:30:00+05:30,4087.0,4087.0,3970.0,3988.85,39436.0
2022-12-13 05:30:00+05:30,4002.0,4101.8,3990.0,4085.0,39883.0
2022-12-14 05:30:00+05:30,4105.9,4132.0,4090.1,4121.9,38485.0
2022-12-15 05:30:00+05:30,4112.95,4149.8,4075.3,4093.5,26516.0
2022-12-16 05:30:00+05:30,4061.0,4086.85,4014.0,4026.95,25588.0
2022-12-19 05:30:00+05:30,4040.0,4098.6,3987.05,4044.5,36481.0
2022-12-20 05:30:00+05:30,4030.0,4091.0,3960.0,4053.95,52229.0
2022-12-21 05:30:00+05:30,4095.0,4157.05,3925.0,3940.75,54847.0
2022-12-22 05:30:00+05:30,3961.5,3991.85,3842.0,3877.0,38133.0
2022-12-23 05:30:00+05:30,3811.0,3846.85,3710.0,3718.05,37667.0
2022-12-26 05:30:00+05:30,3736.6,3848.8,3683.35,3817.8,48057.0
2022-12-27 05:30:00+05:30,3865.0,3955.0,3844.05,3939.4,59630.0
2022-12-28 05:30:00+05:30,3938.85,3944.0,3890.4,3925.7,33082.0
2022-12-29 05:30:00+05:30,3891.5,3943.0,3882.0,3922.15,28823.0
2022-12-30 05:30:00+05:30,3947.0,3970.0,3880.0,3904.6,28443.0
2023-01-02 05:30:00+05:30,3927.0,3960.0,3890.0,3897.3,22621.0
2023-01-03 05:30:00+05:30,3894.0,3929.0,3876.0,3922.15,20876.0
2023-01-04 05:30:00+05:30,3920.0,3938.4,3855.6,3864.05,20710.0
2023-01-05 05:30:00+05:30,3877.0,3894.85,3791.1,3838.6,18262.0
2023-01-06 05:30:00+05:30,3830.0,3842.35,3785.05,3817.45,13931.0
2023-01-09 05:30:00+05:30,3836.55,3850.4,3765.3,3774.05,18208.0
2023-01-10 05:30:00+05:30,3792.9,3808.0,3705.5,3731.15,28488.0
2023-01-11 05:30:00+05:30,3748.0,3758.35,3700.25,3705.3,21840.0
2023-01-12 05:30:00+05:30,3720.0,3720.0,3634.35,3651.05,32909.0
2023-01-13 05:30:00+05:30,3659.95,3671.0,3604.0,3626.55,28249.0
2023-01-16 05:30:00+05:30,3644.7,3655.45,3541.0,3547.65,35943.0
2023-01-17 05:30:00+05:30,3547.65,3582.45,3512.7,3564.05,29842.0
2023-01-18 05:30:00+05:30,3581.85,3588.8,3505.0,3516.75,43730.0
2023-01-19 05:30:00+05:30,3500.0,3555.75,3451.1,3545.25,33886.0
2023-01-20 05:30:00+05:30,3545.0,3574.25,3498.1,3516.0,26047.0
2023-01-23 05:30:00+05:30,3533.6,3533.6,3425.85,3495.05,40404.0
2023-01-24 05:30:00+05:30,3495.05,3567.9,3460.0,3477.0,48040.0
2023-01-25 05:30:00+05:30,3477.0,3483.95,3355.0,3363.8,39083.0
2023-01-27 05:30:00+05:30,3135.0,3169.95,2631.2,2721.8,190893.0
2023-01-30 05:30:00+05:30,2740.0,2745.25,2556.55,2679.8,107291.0
2023-01-31 05:30:00+05:30,2694.0,2798.9,2635.0,2681.55,112242.0
2023-02-01 05:30:00+05:30,2724.0,2860.0,2721.35,2806.6,165592.0
2023-02-02 05:30:00+05:30,2800.0,2859.0,2741.15,2765.55,85827.0
2023-02-03 05:30:00+05:30,2770.95,2829.35,2669.8,2755.45,56958.0
2023-02-06 05:30:00+05:30,2759.8,2814.8,2742.15,2783.55,41698.0
2023-02-07 05:30:00+05:30,2797.5,2797.5,2691.1,2706.75,77154.0
2023-02-08 05:30:00+05:30,2737.05,2737.05,2675.4,2703.95,52016.0
2023-02-09 05:30:00+05:30,2700.0,2734.35,2641.5,2690.45,69782.0
2023-02-10 05:30:00+05:30,2699.95,2745.0,2661.6,2704.55,49208.0
2023-02-13 05:30:00+05:30,2717.0,2728.35,2623.0,2665.5,56126.0
2023-02-14 05:30:00+05:30,2674.0,2710.0,2631.45,2688.3,62416.0
2023-02-15 05:30:00+05:30,2685.0,2718.5,2651.25,2701.55,40009.0
2023-02-16 05:30:00+05:30,2715.1,2770.0,2690.0,2726.25,85552.0
2023-02-17 05:30:00+05:30,2720.0,2759.15,2696.1,2736.3,55047.0
2023-02-20 05:30:00+05:30,2732.35,2750.0,2695.0,2705.65,44938.0
2023-02-21 05:30:00+05:30,2712.0,2735.3,2695.0,2722.6,48146.0
2023-02-22 05:30:00+05:30,2711.0,2711.0,2636.25,2644.2,61598.0
2023-02-23 05:30:00+05:30,2644.0,2705.0,2581.2,2688.15,78496.0
2023-02-24 05:30:00+05:30,2705.0,2809.4,2684.05,2796.95,86872.0
2023-02-27 05:30:00+05:30,2800.0,2800.0,2705.95,2778.85,63554.0
2023-02-28 05:30:00+05:30,2779.0,2904.0,2760.2,2890.65,110368.0
2023-03-01 05:30:00+05:30,2892.0,2994.0,2881.0,2929.9,102237.0
2023-03-02 05:30:00+05:30,2924.85,2989.75,2919.3,2949.55,97585.0
2023-03-03 05:30:00+05:30,2969.25,2992.85,2935.0,2977.85,62680.0
2023-03-06 05:30:00+05:30,2995.0,3051.85,2976.0,2988.1,55698.0
2023-03-08 05:30:00+05:30,2975.0,2980.05,2907.85,2917.15,35458.0
2023-03-09 05:30:00+05:30,2919.15,2931.9,2816.0,2821.65,56391.0
2023-03-10 05:30:00+05:30,2822.0,2895.0,2791.2,2886.9,132455.0
2023-03-13 05:30:00+05:30,2880.0,2934.0,2826.0,2885.65,78533.0
2023-03-14 05:30:00+05:30,2900.45,2900.45,2811.25,2853.0,39152.0
2023-03-15 05:30:00+05:30,2875.0,2878.25,2807.0,2828.25,47961.0
2023-03-16 05:30:00+05:30,2842.4,2900.0,2830.8,2868.05,49629.0
2023-03-17 05:30:00+05:30,2882.4,2907.0,2852.25,2886.8,27953.0
2023-03-20 05:30:00+05:30,2835.9,2934.1,2835.9,2912.75,41420.0
2023-03-21 05:30:00+05:30,2912.1,2948.05,2895.0,2900.05,40209.0
2023-03-22 05:30:00+05:30,2900.05,2924.5,2865.2,2886.4,71060.0
2023-03-23 05:30:00+05:30,2891.0,2913.35,2856.0,2898.8,36544.0
2023-03-24 05:30:00+05:30,2900.0,2907.0,2844.3,2881.4,41894.0
2023-03-27 05:30:00+05:30,2881.45,2894.45,2793.3,2804.6,36863.0
2023-03-28 05:30:00+05:30,2804.65,2830.95,2754.05,2822.75,60450.0
2023-03-29 05:30:00+05:30,2821.0,2858.0,2760.1,2793.55,55553.0
2023-03-31 05:30:00+05:30,2818.1,2873.6,2815.0,2861.3,44607.0
2023-04-03 05:30:00+05:30,2879.95,2916.3,2860.0,2893.0,36084.0
2023-04-05 05:30:00+05:30,2902.0,2943.1,2895.6,2929.15,27930.0
2023-04-06 05:30:00+05:30,2929.9,2957.8,2873.6,2887.45,73016.0
2023-04-10 05:30:00+05:30,2885.2,2982.4,2875.8,2977.05,51389.0
2023-04-11 05:30:00+05:30,2979.05,3001.55,2911.75,2968.6,112085.0
2023-04-12 05:30:00+05:30,2979.6,2985.9,2899.05,2926.4,136468.0
2023-04-13 05:30:00+05:30,2926.4,3034.6,2926.4,2982.55,84159.0
2023-04-17 05:30:00+05:30,2974.5,2982.55,2931.0,2957.85,36356.0
2023-04-18 05:30:00+05:30,2965.95,3050.0,2944.25,2976.9,55288.0
2023-04-19 05:30:00+05:30,2979.9,3109.15,2978.0,3010.4,114841.0
2023-04-20 05:30:00+05:30,2982.55,3029.4,2982.55,2987.55,65916.0
2023-04-21 05:30:00+05:30,2990.0,3003.3,2920.15,2930.4,42542.0
2023-04-24 05:30:00+05:30,2935.0,2937.55,2880.0,2893.8,60723.0
2023-04-25 05:30:00+05:30,2895.05,2897.0,2848.4,2862.6,46863.0
2023-04-26 05:30:00+05:30,2862.0,2877.3,2821.1,2832.6,44520.0
2023-04-27 05:30:00+05:30,2832.6,2892.8,2821.0,2878.7,64980.0
2023-04-28 05:30:00+05:30,2885.0,2924.0,2878.5,2915.3,46536.0
2023-05-02 05:30:00+05:30,2929.0,2948.8,2900.0,2909.1,39442.0
2023-05-03 05:30:00+05:30,2911.0,2928.1,2887.35,2908.25,50230.0
2023-05-04 05:30:00+05:30,2909.0,2937.5,2893.45,2898.0,28689.0
2023-05-05 05:30:00+05:30,2899.0,2952.75,2882.05,2890.55,40924.0
2023-05-08 05:30:00+05:30,2890.55,2926.35,2888.25,2903.1,57782.0
2023-05-09 05:30:00+05:30,2903.1,2928.2,2894.75,2898.95,34257.0
2023-05-10 05:30:00+05:30,2898.0,2929.3,2882.2,2892.25,25248.0
2023-05-11 05:30:00+05:30,2907.5,2927.9,2901.65,2911.7,30650.0
2023-05-12 05:30:00+05:30,2911.0,2970.0,2845.0,2867.55,56028.0
2023-05-15 05:30:00+05:30,2886.85,2949.0,2858.05,2937.85,57771.0
2023-05-16 05:30:00+05:30,2958.55,2965.0,2905.5,2912.55,36188.0
2023-05-17 05:30:00+05:30,2950.0,3018.2,2916.25,2961.1,120198.0
2023-05-18 05:30:00+05:30,2989.1,3039.85,2966.4,2983.7,133655.0
2023-05-19 05:30:00+05:30,3005.3,3043.0,2992.0,3035.35,98183.0
2023-05-22 05:30:00+05:30,3042.7,3271.0,3042.7,3231.55,185970.0
2023-05-23 05:30:00+05:30,3267.4,3300.0,3165.3,3275.65,131228.0
2023-05-24 05:30:00+05:30,3330.0,3582.0,3262.85,3514.3,233813.0
2023-05-25 05:30:00+05:30,3509.65,3627.75,3480.95,3597.85,172771.0
2023-05-26 05:30:00+05:30,3609.95,3684.0,3571.25,3661.2,126095.0
2023-05-29 05:30:00+05:30,3675.1,3739.5,3671.55,3717.0,86669.0
2023-05-30 05:30:00+05:30,3715.5,3726.15,3652.4,3682.3,78717.0
2023-05-31 05:30:00+05:30,3705.75,3900.0,3705.75,3878.75,172302.0
2023-06-01 05:30:00+05:30,3893.05,4025.0,3859.25,3909.5,154284.0
2023-06-02 05:30:00+05:30,3930.0,3989.0,3902.3,3966.15,133144.0
2023-06-05 05:30:00+05:30,3992.95,4010.0,3966.0,3980.5,78395.0
2023-06-06 05:30:00+05:30,3988.0,4008.85,3849.4,3862.6,100695.0
2023-06-07 05:30:00+05:30,3879.35,3942.5,3877.35,3922.55,54263.0
2023-06-08 05:30:00+05:30,3943.05,4094.0,3926.0,4067.4,136216.0
2023-06-09 05:30:00+05:30,4080.0,4132.0,4057.65,4074.4,74327.0
2023-06-12 05:30:00+05:30,4040.0,4200.0,3966.95,4185.05,146305.0
2023-06-13 05:30:00+05:30,4207.85,4384.45,4192.35,4315.9,169516.0
2023-06-14 05:30:00+05:30,4340.0,4420.2,4321.5,4373.1,121621.0
2023-06-15 05:30:00+05:30,4373.5,4646.05,4335.1,4577.0,149197.0
2023-06-16 05:30:00+05:30,4584.95,4607.05,4461.1,4546.6,130392.0
2023-06-19 05:30:00+05:30,4560.0,4722.35,4541.5,4655.15,136634.0
2023-06-20 05:30:00+05:30,4682.0,4730.0,4482.65,4538.55,146118.0
2023-06-21 05:30:00+05:30,4580.0,4634.4,4551.65,4587.1,83089.0
2023-06-22 05:30:00+05:30,4600.0,4628.0,4440.1,4446.9,125124.0
2023-06-23 05:30:00+05:30,4450.0,4473.7,4298.2,4326.2,100871.0
2023-06-26 05:30:00+05:30,4326.95,4482.15,4316.25,4432.05,146641.0
2023-06-27 05:30:00+05:30,4475.95,4502.0,4361.8,4390.9,91853.0
2023-06-28 05:30:00+05:30,4416.3,4426.9,4350.0,4361.95,105851.0
2023-06-30 05:30:00+05:30,4389.3,4456.45,4366.3,4388.6,58143.0
2023-07-03 05:30:00+05:30,4410.05,4443.5,4345.0,4357.4,51494.0
2023-07-04 05:30:00+05:30,4365.05,4410.0,4348.1,4358.15,39091.0
2023-07-05 05:30:00+05:30,4319.95,4319.95,4146.3,4206.1,93720.0
2023-07-06 05:30:00+05:30,4200.0,4288.0,4176.2,4260.8,112366.0
2023-07-07 05:30:00+05:30,4270.0,4300.0,4220.9,4244.0,53176.0
2023-07-10 05:30:00+05:30,4249.6,4288.95,4220.95,4238.5,37406.0
2023-07-11 05:30:00+05:30,4253.85,4400.0,4246.35,4386.35,76958.0
2023-07-12 05:30:00+05:30,4407.75,4414.9,4322.2,4336.3,42617.0
2023-07-13 05:30:00+05:30,4350.0,4388.95,4260.1,4297.65,37802.0
2023-07-14 05:30:00+05:30,4322.85,4429.45,4294.65,4319.75,70662.0
2023-07-17 05:30:00+05:30,4342.0,4407.05,4323.05,4333.35,66616.0
2023-07-18 05:30:00+05:30,4356.1,4379.35,4270.05,4325.2,42688.0
2023-07-19 05:30:00+05:30,4334.95,4363.2,4301.0,4330.5,39168.0
2023-07-20 05:30:00+05:30,4341.05,4365.0,4255.35,4265.35,39759.0
2023-07-21 05:30:00+05:30,4269.2,4272.7,4160.2,4176.4,63230.0
2023-07-24 05:30:00+05:30,4130.0,4139.7,3953.0,4014.85,133964.0
2023-07-25 05:30:00+05:30,4015.0,4132.4,4002.6,4112.9,91165.0
2023-07-26 05:30:00+05:30,4140.0,4185.0,4070.05,4087.2,101309.0
2023-07-27 05:30:00+05:30,4117.95,4117.95,4036.25,4050.45,53950.0
2023-07-28 05:30:00+05:30,4051.45,4074.15,4000.05,4063.6,52717.0
2023-07-31 05:30:00+05:30,4020.0,4144.95,4020.0,4122.0,44768.0
2023-08-01 05:30:00+05:30,4142.0,4158.0,4100.0,4135.55,47330.0
2023-08-02 05:30:00+05:30,4135.55,4229.55,4082.0,4127.3,75741.0
2023-08-03 05:30:00+05:30,4120.0,4485.0,4092.8,4443.35,194547.0
2023-08-04 05:30:00+05:30,4500.45,4815.0,4485.5,4616.25,221927.0
2023-08-07 05:30:00+05:30,4599.95,4719.55,4387.8,4690.35,158894.0
2023-08-08 05:30:00+05:30,4707.0,4924.9,4700.0,4859.8,192583.0
2023-08-09 05:30:00+05:30,4850.05,4964.6,4816.2,4901.35,143922.0
2023-08-10 05:30:00+05:30,4901.25,4927.45,4752.0,4800.95,101773.0
2023-08-11 05:30:00+05:30,4809.0,4857.0,4770.0,4780.55,75284.0
2023-08-14 05:30:00+05:30,4780.0,4780.0,4632.85,4651.25,85503.0
2023-08-16 05:30:00+05:30,4648.0,4770.0,4586.1,4753.1,77937.0
2023-08-17 05:30:00+05:30,4770.8,4810.0,4671.05,4682.5,69335.0
2023-08-18 05:30:00+05:30,4690.0,4776.0,4635.05,4737.8,70434.0
2023-08-21 05:30:00+05:30,4749.95,4909.0,4735.95,4893.75,98311.0
2023-08-22 05:30:00+05:30,4940.0,5034.5,4886.95,4995.0,119507.0
2023-08-23 05:30:00+05:30,5011.65,5068.0,4951.35,4996.8,104783.0
2023-08-24 05:30:00+05:30,5024.0,5050.2,4939.05,4947.1,58892.0
2023-08-25 05:30:00+05:30,4872.35,5007.5,4840.1,4859.75,86369.0
2023-08-28 05:30:00+05:30,4851.3,4965.0,4851.3,4946.9,65116.0
2023-08-29 05:30:00+05:30,4963.15,4971.0,4891.05,4917.05,65097.0
2023-08-30 05:30:00+05:30,4940.0,4975.0,4910.0,4958.1,46698.0
2023-08-31 05:30:00+05:30,4970.0,5012.0,4859.65,5003.85,94773.0
2023-09-01 05:30:00+05:30,5009.65,5163.0,4991.1,5057.25,81849.0
2023-09-04 05:30:00+05:30,5081.8,5165.95,5065.0,5123.0,65144.0
2023-09-05 05:30:00+05:30,5134.5,5224.95,5079.65,5127.55,100334.0
2023-09-06 05:30:00+05:30,5130.0,5146.9,4960.0,4998.15,64408.0
2023-09-07 05:30:00+05:30,4998.65,5104.65,4971.35,5084.8,66800.0
2023-09-08 05:30:00+05:30,5099.0,5144.45,5067.4,5121.2,70709.0
2023-09-11 05:30:00+05:30,5139.0,5188.0,5108.15,5178.9,41025.0
2023-09-12 05:30:00+05:30,5207.5,5207.5,5016.4,5040.95,65021.0
2023-09-13 05:30:00+05:30,5068.95,5124.0,4986.5,5062.1,43693.0
2023-09-14 05:30:00+05:30,5088.7,5119.85,5050.0,5078.1,31086.0
2023-09-15 05:30:00+05:30,5111.25,5165.0,5023.45,5059.0,48944.0
2023-09-18 05:30:00+05:30,5040.0,5065.0,4907.2,4920.3,44566.0
2023-09-20 05:30:00+05:30,4918.75,4945.0,4846.0,4877.55,44987.0
2023-09-21 05:30:00+05:30,4875.2,4900.0,4836.5,4849.45,25907.0
2023-09-22 05:30:00+05:30,4848.0,4908.25,4794.45,4808.4,48135.0
2023-09-25 05:30:00+05:30,4810.0,4965.0,4740.95,4889.55,77956.0
2023-09-26 05:30:00+05:30,4901.7,5119.2,4901.7,5098.15,128893.0
2023-09-27 05:30:00+05:30,5110.0,5299.75,5032.8,5285.35,149763.0
2023-09-28 05:30:00+05:30,5325.0,5378.85,5181.65,5218.35,105967.0
2023-09-29 05:30:00+05:30,5250.0,5307.8,5158.55,5289.25,59444.0
2023-10-03 05:30:00+05:30,5280.0,5335.0,5255.0,5297.45,64749.0
2023-10-04 05:30:00+05:30,5265.75,5274.0,5183.0,5216.45,58675.0
2023-10-05 05:30:00+05:30,5250.05,5255.15,5134.75,5148.1,65724.0
2023-10-06 05:30:00+05:30,5167.7,5170.75,5062.4,5128.75,81330.0
2023-10-09 05:30:00+05:30,5032.15,5162.45,5028.2,5104.65,35996.0
2023-10-10 05:30:00+05:30,5119.0,5197.0,5119.0,5170.45,46187.0
2023-10-11 05:30:00+05:30,5200.0,5274.85,5170.8,5254.7,47542.0
2023-10-12 05:30:00+05:30,5261.95,5320.0,5216.8,5290.3,65059.0
2023-10-13 05:30:00+05:30,5279.9,5364.8,5256.9,5339.95,69639.0
2023-10-16 05:30:00+05:30,5291.0,5408.95,5291.0,5388.85,65334.0
2023-10-17 05:30:00+05:30,5430.0,5486.65,5385.0,5474.35,58717.0
2023-10-18 05:30:00+05:30,5479.95,5507.0,5434.8,5475.3,53050.0
2023-10-19 05:30:00+05:30,5440.0,5575.0,5422.6,5501.8,83081.0
2023-10-20 05:30:00+05:30,5498.0,5534.95,5476.5,5520.9,52375.0
2023-10-23 05:30:00+05:30,5520.0,5606.95,5405.2,5418.0,85687.0
2023-10-25 05:30:00+05:30,5418.0,5518.0,5418.0,5445.6,84407.0
2023-10-26 05:30:00+05:30,5430.0,5445.95,5288.25,5340.95,69011.0
2023-10-27 05:30:00+05:30,5470.0,5510.5,5309.6,5374.75,126303.0
2023-10-30 05:30:00+05:30,5379.9,5379.9,5076.0,5103.85,121615.0
2023-10-31 05:30:00+05:30,5155.0,5241.7,5090.05,5101.6,66080.0
2023-11-01 05:30:00+05:30,5125.0,5193.05,5102.8,5181.3,86764.0
2023-11-02 05:30:00+05:30,5220.0,5397.0,5220.0,5330.0,98792.0
2023-11-03 05:30:00+05:30,5383.3,5383.3,5236.55,5274.2,78591.0
2023-11-06 05:30:00+05:30,5317.9,5338.95,5241.0,5266.25,33109.0
2023-11-07 05:30:00+05:30,5279.8,5318.0,5237.0,5253.05,44956.0
2023-11-08 05:30:00+05:30,5278.0,5369.95,5266.3,5357.3,64083.0
2023-11-09 05:30:00+05:30,5365.0,5425.0,5300.0,5305.85,38884.0
2023-11-10 05:30:00+05:30,5282.05,5305.85,5224.0,5274.9,51011.0
2023-11-13 05:30:00+05:30,5274.45,5275.0,5206.6,5233.8,32068.0
2023-11-15 05:30:00+05:30,5250.0,5364.95,5246.05,5254.25,68676.0
2023-11-16 05:30:00+05:30,5273.9,5455.0,5213.1,5426.95,75601.0
2023-11-17 05:30:00+05:30,5395.95,5488.0,5395.8,5426.85,56979.0
2023-11-20 05:30:00+05:30,5475.0,5564.0,5431.0,5443.9,71057.0
2023-11-21 05:30:00+05:30,5480.0,5528.8,5452.5,5461.5,39625.0
2023-11-22 05:30:00+05:30,5475.0,5507.9,5385.0,5412.2,35067.0
2023-11-23 05:30:00+05:30,5438.0,5438.0,5315.0,5345.35,41850.0
2023-11-24 05:30:00+05:30,5365.0,5369.85,5266.45,5277.85,45991.0
2023-11-28 05:30:00+05:30,5280.0,5310.7,5274.2,5290.7,25402.0
2023-11-29 05:30:00+05:30,5302.85,5405.0,5300.1,5398.5,48520.0
2023-11-30 05:30:00+05:30,5419.85,5591.5,5391.0,5510.6,74202.0
2023-12-01 05:30:00+05:30,5530.0,6034.8,5514.0,5951.65,168591.0
2023-12-04 05:30:00+05:30,6110.0,6175.0,5876.05,6002.2,96678.0
2023-12-05 05:30:00+05:30,6015.0,6153.3,5967.85,6031.1,76687.0
2023-12-06 05:30:00+05:30,6085.0,6085.0,5970.0,5980.2,39618.0
2023-12-07 05:30:00+05:30,5998.8,6033.5,5943.05,5988.35,25625.0
2023-12-08 05:30:00+05:30,6010.0,6045.1,5893.4,5964.9,35085.0
2023-12-11 05:30:00+05:30,5980.0,6400.0,5965.55,6372.65,134065.0
2023-12-12 05:30:00+05:30,6451.1,6761.0,6333.15,6356.5,168583.0
2023-12-13 05:30:00+05:30,6356.5,6520.85,6180.45,6290.65,117907.0
2023-12-14 05:30:00+05:30,6357.2,6465.0,6286.45,6308.05,126850.0
2023-12-15 05:30:00+05:30,6371.2,6404.0,6303.0,6316.9,73256.0
2023-12-18 05:30:00+05:30,6315.0,6328.7,6220.1,6271.55,68380.0
2023-12-19 05:30:00+05:30,6334.3,6483.6,6328.3,6366.2,85266.0
2023-12-20 05:30:00+05:30,6419.0,6540.0,6240.3,6268.95,116556.0
2023-12-21 05:30:00+05:30,6250.0,6545.0,6238.9,6521.65,95793.0
2023-12-22 05:30:00+05:30,6553.9,6583.25,6384.0,6478.35,73701.0
2023-12-26 05:30:00+05:30,6460.0,6516.9,6413.0,6456.1,49702.0
2023-12-27 05:30:00+05:30,6498.9,6538.4,6415.0,6463.95,42890.0
2023-12-28 05:30:00+05:30,6480.9,6500.0,6415.0,6464.55,46108.0
2023-12-29 05:30:00+05:30,6463.0,6619.35,6434.75,6566.75,78425.0
